name,email
Ludwig Lind,jacynthe.kris@gmail.com
Mckenna Carter DDS,major.waelchi@yahoo.com
Madilyn Prohaska,aubrey.harber@gmail.com
Ms. Coy Kunze,hubert.emard@yahoo.com
Gilbert Beatty,saul.mayert@yahoo.com
Marian Murray,donny.zemlak@yahoo.com
Ms. Bennie Herman,christian.hauck@gmail.com
Ms. Jeremie Nolan,verda.marks@gmail.com
Gregorio Kassulke,ardella.langworth@yahoo.com
Eugene Abshire,rubye.grimes@gmail.com
Leonor Zboncak,virgie.haag@hotmail.com
Icie Moen,hannah.feeney@yahoo.com
Dr. Mya Kihn,patsy.wisozk@hotmail.com
Lois Kiehn,joan.rice@hotmail.com
Louisa Morar,vallie.carroll@yahoo.com
Ms. Anna Quigley,buddy.bosco@yahoo.com
Jewell Carroll,hailie.windler@yahoo.com
Mr. Zella Fahey,rafaela.kautzer@gmail.com
Ms. Lorenza Parker,maximilian.stehr@gmail.com
Glenna Kozey,emerson.baumbach@hotmail.com
Isabell Haley,columbus.kiehn@hotmail.com
Kaya O'Conner,august.kihn@yahoo.com
Riley Cole,zoila.klocko@hotmail.com
Malcolm Bogan,lia.flatley@yahoo.com
Zola Gibson,estefania.kovacek@yahoo.com
Hardy Hermiston,marty.schuster@yahoo.com
Dr. Caroline Raynor,tyson.medhurst@gmail.com
Abagail Mills,ramiro.erdman@yahoo.com
Alaina Wintheiser,giles.fay@hotmail.com
Mrs. Maiya Balistreri,xander.brown@hotmail.com
Dannie Spencer,steve.mertz@hotmail.com
Ebony Klocko,mariam.west@yahoo.com
Mrs. Macy Gleason,shyanne.lemke@hotmail.com
Erin Becker,arlo.wintheiser@hotmail.com
Mitchel Witting,weldon.heidenreich@yahoo.com
Sienna Ullrich PhD,bernice.bradtke@yahoo.com
Kenna Kshlerin V,eleanore.ebert@gmail.com
Hillary Beier,alivia.kub@gmail.com
Tierra Larkin DDS,carlos.batz@gmail.com
Ms. Alford Hermann,alex.kiehn@gmail.com
Rey Walter PhD,dora.kuhlman@gmail.com
Dewitt Kautzer,maddison.gislason@yahoo.com
Jamar Ritchie DVM,lamar.monahan@yahoo.com
Verna Mayer,freeda.schneider@gmail.com
Hulda Wuckert,sabryna.mitchell@gmail.com
Daija Ebert,hazle.kuvalis@gmail.com
Berenice Champlin DDS,frankie.schmidt@hotmail.com
Jessyca Kris,pinkie.sanford@hotmail.com
Brain Schmeler Jr.,madeline.hauck@yahoo.com
Keagan Reichel,myrtis.macejkovic@gmail.com
Mr. Elisa Predovic,maeve.roob@gmail.com
Stanton Stiedemann IV,aracely.schuppe@hotmail.com
Aliya Rowe,karine.bauch@hotmail.com
Dolores Hand,charity.roberts@hotmail.com
Lempi Gottlieb,jovani.kunde@yahoo.com
Gene Bernhard MD,abigail.ohara@yahoo.com
Mr. Meredith Lebsack,london.ritchie@yahoo.com
Jody Johns,icie.pouros@hotmail.com
Abbey Boehm MD,schuyler.leffler@gmail.com
Avis Schumm,hershel.cormier@yahoo.com
Halle Schneider,jack.feil@hotmail.com
Mrs. Molly Hamill,jayden.connelly@yahoo.com
Jermey Lubowitz PhD,bernice.watsica@hotmail.com
Emerald Okuneva,darrion.crooks@gmail.com
Jasper Huel,florence.deckow@yahoo.com
Rogelio Greenfelder,nathan.cremin@gmail.com
Ms. Jadon Collins,annette.murphy@gmail.com
Mrs. Cleve Runolfsdottir,durward.schaefer@hotmail.com
Alexandre Rippin,amelie.wolff@yahoo.com
Karelle Kuphal,verna.abbott@yahoo.com
Vallie Orn,gordon.bauch@hotmail.com
Hilda Kertzmann,jalyn.jacobs@gmail.com
Ken Durgan,danika.schinner@hotmail.com
Jamaal Greenfelder,salvador.anderson@yahoo.com
Rosalind Gerlach,ashton.toy@gmail.com
Thalia Romaguera,albin.lemke@hotmail.com
Bernardo Donnelly,edna.brown@yahoo.com
Lina Lang,stella.dickens@gmail.com
Mathilde Koelpin,ernie.dubuque@gmail.com
Edna West,jean.shields@hotmail.com
Werner Lang,conor.waters@gmail.com
Jannie Corwin,ignatius.bosco@yahoo.com
Mr. Francis O'Connell,greta.bailey@hotmail.com
Clemens O'Keefe,hailie.littel@yahoo.com
Meredith Ritchie Sr.,maye.torp@yahoo.com
Heaven Bergnaum,presley.walter@gmail.com
Ezekiel Sipes,marcella.windler@gmail.com
Mrs. Jerrod Cassin,jayce.kris@yahoo.com
Clarissa White,jordyn.turner@yahoo.com
Monica McLaughlin,sasha.kassulke@yahoo.com
Demarco Larkin V,ross.vandervort@gmail.com
Nikita Wuckert,audrey.effertz@yahoo.com
Lonie Dickens,cleveland.ratke@hotmail.com
Ila Kub,marcella.welch@hotmail.com
Kayley Goldner,ryley.muller@gmail.com
Teresa Hand,marcelo.murphy@gmail.com
Miss Edmond Connelly,sunny.kessler@yahoo.com
Carter Nitzsche,torrey.kozey@yahoo.com
Eloise Nader,frederick.goodwin@yahoo.com
Colton Koelpin,kale.ferry@hotmail.com
Adelle Douglas,dorris.sawayn@hotmail.com
Eliezer Lesch,rubye.homenick@yahoo.com
Reuben Wilkinson,lysanne.flatley@hotmail.com
Zion Conroy,emory.stoltenberg@gmail.com
Susan Bayer,jon.kunze@hotmail.com
Myron Herman,carolyne.baumbach@yahoo.com
Graham Funk,mitchell.effertz@hotmail.com
Anika Jast,rebekah.abbott@yahoo.com
Rosamond Huels,mariam.keebler@hotmail.com
Marley O'Connell,ralph.wilkinson@gmail.com
Elise Harris,jordane.oberbrunner@hotmail.com
Mathilde Dooley,javier.hagenes@hotmail.com
Dr. Loraine Doyle,markus.willms@gmail.com
Tomas Mayer,victoria.herman@gmail.com
Mrs. Autumn Zemlak,felipe.ernser@yahoo.com
Mariela Leannon PhD,harry.fritsch@yahoo.com
Alberta Denesik,anibal.mohr@gmail.com
Burnice Klocko,travon.dach@yahoo.com
Julian Osinski Jr.,zachariah.carroll@gmail.com
Viva Lesch,bobbie.rempel@yahoo.com
Carleton Effertz,diana.bradtke@gmail.com
Isobel Schaden,litzy.lueilwitz@hotmail.com
Dovie Schinner III,alessandra.quigley@hotmail.com
Robert Kub,ole.runolfsson@gmail.com
Daniela Ankunding,dedrick.gleichner@gmail.com
Madelyn Kilback,orion.hilpert@yahoo.com
Jalen Kilback,darren.smitham@yahoo.com
Domenica Farrell,glenda.white@hotmail.com
Helga Runolfsson,amanda.gerhold@hotmail.com
Mr. Loraine Funk,gabriella.koelpin@gmail.com
Josie Rolfson I,rudy.champlin@gmail.com
Camylle Schimmel,evie.glover@gmail.com
Jaquan Mertz,davion.flatley@gmail.com
Mr. Stanford Wolff,amara.nienow@hotmail.com
Mr. Madeline Jaskolski,koby.beatty@gmail.com
Nasir Marks DDS,tyrique.murray@hotmail.com
Pearlie Hickle,elton.bogan@gmail.com
Joey Grady,karianne.bogisich@gmail.com
Sigmund Volkman V,constantin.johns@gmail.com
Arianna Yost,cayla.kessler@yahoo.com
Verda Predovic,rico.kris@gmail.com
General Welch,alena.emard@hotmail.com
Carlee Oberbrunner,dustin.kuphal@gmail.com
Estel Wisoky,yoshiko.metz@yahoo.com
Mr. Jo Stoltenberg,moshe.oconner@gmail.com
Orie Wintheiser,carissa.gibson@gmail.com
Jordyn Daniel III,ona.hackett@yahoo.com
Rosetta Orn,gail.terry@yahoo.com
Trent Robel,reggie.grady@gmail.com
Demetrius Gislason,ramiro.leannon@hotmail.com
Maddison Ritchie,lourdes.kassulke@hotmail.com
Miss Kendra Raynor,anahi.rutherford@hotmail.com
Franz Nader,randi.gulgowski@hotmail.com
Brown McLaughlin,lucile.koch@hotmail.com
Judge Murray,gust.lynch@hotmail.com
Erich Wilderman,karley.brakus@yahoo.com
Ottilie Hagenes,carson.wisozk@gmail.com
Miller Schoen,casandra.hodkiewicz@gmail.com
Ignatius Kuhlman,marjolaine.lueilwitz@gmail.com
Miss Lucious O'Conner,gerardo.willms@yahoo.com
Benjamin Abshire,cordie.goyette@yahoo.com
Miss Madelyn Schaefer,mozelle.stoltenberg@yahoo.com
Onie Bahringer,humberto.howe@yahoo.com
Ms. Earnest Ortiz,alysson.bradtke@yahoo.com
Gia Hodkiewicz Sr.,trycia.stiedemann@hotmail.com
Rosamond Nitzsche PhD,clifford.hauck@hotmail.com
Ciara Turner V,ressie.bechtelar@hotmail.com
Raheem Turner I,talia.graham@hotmail.com
Polly Borer PhD,aylin.schneider@hotmail.com
Helena Walsh MD,chaya.roob@gmail.com
Frederique Sauer,neha.simonis@yahoo.com
Ruthe Reichel,merl.gibson@yahoo.com
Georgette Luettgen III,hans.emard@gmail.com
Leonie Pouros,leland.collins@gmail.com
Macy Gutkowski,lilyan.hackett@hotmail.com
Lia Shields,alphonso.effertz@hotmail.com
Althea Wehner,kraig.lemke@gmail.com
Dr. Kolby Von,reuben.orn@yahoo.com
King Brekke,brice.ledner@yahoo.com
Deshawn Bahringer,vincenza.beer@gmail.com
Hassan Larson Jr.,edgardo.orn@hotmail.com
Bo Reinger,reymundo.pfeffer@gmail.com
Skyla Hessel II,braxton.mosciski@gmail.com
Fredrick Price DVM,dalton.weissnat@yahoo.com
Vella Carroll,hulda.raynor@gmail.com
Mrs. Arnaldo Emmerich,emmalee.ritchie@hotmail.com
Ashley Weimann Sr.,karelle.collins@yahoo.com
Myles Crooks,mack.waelchi@hotmail.com
Luis Senger,jeremie.ferry@hotmail.com
Fiona Mann,lexus.turner@yahoo.com
Mrs. Cruz Smith,rhianna.kihn@gmail.com
Angelina Harvey Sr.,elissa.greenholt@gmail.com
Obie Krajcik I,duncan.prohaska@yahoo.com
Natalie Herzog V,tyrique.adams@gmail.com
Alisa Monahan,devin.stracke@hotmail.com
Mckayla Gottlieb,melba.ruecker@hotmail.com
Mrs. Cortney Breitenberg,nathan.considine@hotmail.com
Cale Beier,gage.mayer@hotmail.com
Precious Keebler DVM,delores.eichmann@yahoo.com
Jordon Kulas PhD,geovanny.mccullough@hotmail.com
Ms. Lauryn Wuckert,maurice.king@hotmail.com
Pansy Jakubowski,clare.ebert@yahoo.com
Dr. Vita Schmidt,jaiden.larson@gmail.com
Nelle Feest,francesco.morar@yahoo.com
Elmore Hills,richmond.hane@yahoo.com
Jewell Feil,bradford.klein@hotmail.com
Lisandro Labadie,demarcus.collier@hotmail.com
Miss Alexie Johnson,katherine.thiel@yahoo.com
Scarlett Haley,kayla.davis@hotmail.com
Everette Monahan,charley.zboncak@yahoo.com
Merl Glover,emelia.thompson@gmail.com
Wilmer Towne,marvin.glover@yahoo.com
Nathaniel Stanton,diego.blanda@yahoo.com
Scot Haley,grayce.veum@yahoo.com
Margaretta Sipes,josefina.roob@gmail.com
Sheldon Bruen,ellie.prohaska@hotmail.com
Tevin Kuvalis,jairo.olson@hotmail.com
Keven Rosenbaum,rubye.buckridge@gmail.com
Rafaela Auer,justice.beier@hotmail.com
Gregoria Buckridge,hardy.rice@yahoo.com
Prudence Borer,martin.wuckert@hotmail.com
Maggie Gerhold,bianka.connelly@hotmail.com
Cortez Blanda,linnea.crona@hotmail.com
Ashleigh Swift,clovis.macejkovic@hotmail.com
Calista Bartell,chandler.bernier@hotmail.com
Elsie Reichert,helen.farrell@yahoo.com
Mr. Lauryn Kunze,bridgette.balistreri@yahoo.com
Treva Altenwerth,roslyn.ziemann@hotmail.com
Issac Brekke,dena.waelchi@hotmail.com
Graciela Robel,jon.medhurst@gmail.com
Jennyfer Anderson,audreanne.boyer@yahoo.com
Mr. Alessia Erdman,tyra.skiles@gmail.com
Abdiel Lakin,aaliyah.kuhn@hotmail.com
Scot Lockman III,kendall.hyatt@gmail.com
Luella Veum,valentin.quigley@gmail.com
Wendell Swaniawski,hank.goldner@gmail.com
Madisen Mayert,alec.kutch@hotmail.com
Zella Paucek DVM,lonzo.powlowski@hotmail.com
Domenic Satterfield Sr.,david.orn@yahoo.com
Mrs. Keshaun Gusikowski,thelma.gorczany@yahoo.com
Alexandra O'Keefe,fernando.sipes@gmail.com
Loyce Reynolds DVM,marjorie.huels@gmail.com
Mrs. Keara Willms,korbin.fahey@gmail.com
Gino Mills,jedediah.jones@yahoo.com
Ressie Bailey DDS,lynn.pouros@yahoo.com
Herminio Roberts,aidan.schamberger@yahoo.com
Diana Kerluke II,finn.kertzmann@hotmail.com
Bette Prosacco,ariane.conroy@yahoo.com
Jayme Stoltenberg MD,demarco.beier@yahoo.com
Ericka Rosenbaum Jr.,junior.feil@hotmail.com
Natalie Howell,lonie.wuckert@gmail.com
Mrs. Hanna Koepp,barbara.herman@yahoo.com
Julie King,jakob.johns@gmail.com
Mr. Karine Ritchie,woodrow.kiehn@gmail.com
Julien Funk,jordane.howell@hotmail.com
Lora Anderson,danika.price@gmail.com
Mrs. Davin Wolff,demetris.stokes@gmail.com
Mr. Amira Balistreri,liana.schumm@gmail.com
Marley Crist,ethyl.rippin@gmail.com
Randall Marks,lafayette.kerluke@gmail.com
Mafalda Murphy,merl.okuneva@hotmail.com
Mrs. Abner Rolfson,tyreek.metz@gmail.com
Miss Edyth McClure,emery.lubowitz@hotmail.com
Markus Hilpert DDS,rosemarie.smith@gmail.com
Adrienne Osinski,adan.hand@gmail.com
Dortha Swift,kiel.ward@yahoo.com
Ayla Oberbrunner Jr.,rowan.schumm@hotmail.com
Jovanny Mertz DVM,gunnar.beahan@yahoo.com
Jorge Quigley,jackeline.maggio@hotmail.com
Nikolas Hayes III,krystel.walter@hotmail.com
Ellsworth Bogan,keven.schmidt@yahoo.com
Miss Dewayne Stamm,august.renner@gmail.com
Miller Weber,joyce.casper@yahoo.com
Trever Stamm,devyn.schinner@hotmail.com
Benedict O'Kon I,tod.rosenbaum@yahoo.com
Patience Bode,gregory.romaguera@yahoo.com
Angeline Schimmel MD,eldridge.homenick@gmail.com
Denis Heathcote,spencer.gleichner@gmail.com
Chadd Sanford,delores.bechtelar@yahoo.com
Demetrius Stark,florine.torp@hotmail.com
Felicita Eichmann,natalia.green@gmail.com
Isobel Denesik,savannah.ratke@gmail.com
Mr. Faye Welch,rafael.kiehn@hotmail.com
Kip Sauer,serena.lueilwitz@hotmail.com
Dell Kirlin,oleta.nicolas@yahoo.com
Mackenzie Altenwerth,mireille.kuhlman@yahoo.com
Destany Connelly,adan.gleason@gmail.com
Buford Satterfield,bradley.langworth@hotmail.com
Ms. Jamaal Homenick,annabelle.macejkovic@hotmail.com
Roel Tillman,rodolfo.conroy@yahoo.com
Neoma Schroeder,kendra.conn@gmail.com
Mr. Gage Herman,letha.douglas@hotmail.com
Jerry Kassulke PhD,imani.hyatt@yahoo.com
Leonard Flatley DDS,unique.weissnat@hotmail.com
Oda Effertz,merl.blick@yahoo.com
Lucie Williamson MD,khalid.welch@hotmail.com
Alexandria Witting III,tod.mraz@gmail.com
Lillian Wisoky,frank.thompson@gmail.com
Kirstin Schmidt,blake.lebsack@yahoo.com
Bell Mills,esta.simonis@yahoo.com
Dr. Joany Nader,travis.baumbach@gmail.com
Danielle Barton,garrick.mann@yahoo.com
Keith Wisozk V,randal.weissnat@yahoo.com
Haylie Hyatt,oceane.cummings@hotmail.com
Alvina Legros DDS,elise.bahringer@gmail.com
Kallie Connelly,harmon.durgan@hotmail.com
Precious Braun I,raina.dare@yahoo.com
Myriam Braun,leif.bayer@hotmail.com
Ilene Haley,kayli.wolff@gmail.com
Kailee Yundt,ansley.white@yahoo.com
Brannon Frami,shanie.pfeffer@yahoo.com
Arvel Fritsch,ezra.green@gmail.com
Maude Lockman,lillie.miller@yahoo.com
Easton Mills,jeromy.schinner@hotmail.com
Crawford Fahey DDS,valerie.dickens@yahoo.com
Althea McDermott,kaleigh.goyette@gmail.com
Ms. Belle Sipes,zola.mann@hotmail.com
Mrs. Edna Strosin,orland.cormier@hotmail.com
Joshuah Zieme,preston.stark@gmail.com
Monty Schmitt,marilyne.stoltenberg@gmail.com
Devante Legros,queen.koepp@gmail.com
Mr. Ollie Jacobs,lee.wilkinson@gmail.com
Miss Providenci Schuppe,hyman.wolf@gmail.com
Price Spencer II,dangelo.roob@gmail.com
Francesco Schulist,layne.wisozk@gmail.com
Jimmy Durgan III,deron.graham@gmail.com
Aric Cummerata,ronaldo.ward@gmail.com
Mr. Clare Pfannerstill,harry.quigley@gmail.com
Else Langosh,eduardo.little@yahoo.com
Miss Rosemarie Jones,pat.ernser@hotmail.com
Alexanne Hyatt,chadd.effertz@gmail.com
Kyleigh Kassulke DVM,ray.osinski@hotmail.com
Ellen Rath,dena.treutel@gmail.com
Junior Wisoky,jailyn.rohan@hotmail.com
Miss Kendrick Hegmann,corbin.halvorson@yahoo.com
Kiley Reilly,herminia.hackett@gmail.com
Kyra Berge,demond.price@hotmail.com
Aliyah Prohaska,jody.renner@gmail.com
Ana Boehm,mario.wolff@yahoo.com
Adam Durgan,orin.kautzer@gmail.com
Marques Ryan,lloyd.ziemann@gmail.com
Bill Lynch,heloise.hettinger@hotmail.com
Rylan Parker,trycia.jacobson@gmail.com
Ms. Wilburn Pacocha,barry.towne@gmail.com
Leone Pfeffer,tevin.douglas@hotmail.com
Telly Gerlach,carlotta.weimann@yahoo.com
Jewell Stracke,magdalena.steuber@hotmail.com
Jovany Gutmann,dorris.schulist@hotmail.com
Dr. Beau Kuphal,jess.gibson@hotmail.com
Kobe Murray,shana.lind@gmail.com
Dr. Glenda Upton,isaiah.jerde@yahoo.com
Vivianne Spencer,danielle.bode@gmail.com
Hannah Huel,dillon.frami@hotmail.com
Ruben Jacobson III,favian.ankunding@gmail.com
Dr. Dean Nienow,flavie.block@hotmail.com
Marlon Koss,ferne.beahan@yahoo.com
Oleta Schmitt PhD,rosalind.gerlach@hotmail.com
Tanner Dooley,bridgette.kuhn@yahoo.com
Yazmin Ortiz,vergie.hilpert@gmail.com
Otto Marvin V,elvis.kutch@hotmail.com
Domenica Wuckert,kiara.kirlin@gmail.com
Leonardo Greenfelder,raphael.bernhard@gmail.com
Herta Olson Jr.,foster.fritsch@yahoo.com
Alexandrine Gorczany,savanna.bode@hotmail.com
Faye Anderson,sabryna.batz@yahoo.com
Roxane Green,leonardo.windler@hotmail.com
Tara Simonis,francesco.cronin@yahoo.com
Ayla Moore,danielle.kling@yahoo.com
Miss Buford Brakus,domenic.bashirian@yahoo.com
Hortense Pollich,annamarie.witting@hotmail.com
Maxwell Smitham PhD,joshuah.rempel@gmail.com
Brook Cummerata,lorenza.stiedemann@yahoo.com
Felix Waters Sr.,jeffery.steuber@gmail.com
Mrs. Myron Williamson,odell.cormier@gmail.com
Eddie Mertz,rhiannon.reynolds@gmail.com
Verla Lehner V,wilmer.collier@yahoo.com
Iliana Murray,ahmed.reichert@yahoo.com
Jerry Brown Jr.,benton.nikolaus@gmail.com
Arvel Willms,audie.krajcik@hotmail.com
Santos O'Reilly,douglas.bechtelar@gmail.com
Dawson Beahan,constantin.langosh@yahoo.com
Shemar Greenholt,rahsaan.swaniawski@hotmail.com
Cyrus Witting III,annabelle.torphy@yahoo.com
Earlene Mayer,sylvester.raynor@hotmail.com
Mr. Mark Ankunding,winifred.homenick@gmail.com
Mr. Jayme Feest,esta.heaney@hotmail.com
Golden Aufderhar,esther.mraz@gmail.com
Harley Rutherford,nick.kerluke@hotmail.com
Derick Emmerich,lela.crist@hotmail.com
Tracy Heathcote I,ernest.langworth@yahoo.com
Nico Hahn IV,nestor.oreilly@yahoo.com
Sigrid Monahan,oleta.larson@yahoo.com
Johann Jakubowski V,gust.kunde@yahoo.com
Carmine Wunsch,rhett.kuhn@yahoo.com
Kailee Konopelski,nyasia.dooley@hotmail.com
Ms. Beau Schaefer,linnea.kozey@yahoo.com
Yadira Kutch,kiara.green@gmail.com
Ms. Ruthe Weissnat,julio.yundt@gmail.com
Lora Lindgren DDS,britney.runolfsson@hotmail.com
Ellsworth Simonis,floyd.erdman@hotmail.com
Howell Bartoletti,maudie.schinner@gmail.com
Davin Grady,mayra.braun@hotmail.com
Kelton Thompson,vaughn.von@gmail.com
Blair Stark MD,margarett.altenwerth@yahoo.com
Aryanna Donnelly,shea.glover@yahoo.com
Cruz Barton,sterling.feest@yahoo.com
Veronica Botsford III,justina.pollich@gmail.com
Jonatan Hintz,webster.cummings@yahoo.com
Cara Spencer,elmira.mayer@hotmail.com
Chance Bergnaum,elmira.larkin@yahoo.com
Caitlyn Bartoletti,jerome.doyle@yahoo.com
Graciela Bergnaum,stefanie.mueller@gmail.com
Eugene Hoeger DVM,shirley.schmeler@gmail.com
Ward Schmitt DVM,noe.doyle@yahoo.com
Humberto Bernier,gardner.tremblay@yahoo.com
Mr. Alfonso Cummerata,trudie.walker@hotmail.com
Korbin Orn,trever.wilderman@yahoo.com
Nya Satterfield,ellie.mante@hotmail.com
Hallie Mertz,esther.stracke@hotmail.com
Bernie Treutel,mathias.walsh@yahoo.com
Mrs. Dexter Russel,marc.farrell@gmail.com
Milo Leannon,aric.nienow@hotmail.com
Aron McGlynn,gladyce.bailey@hotmail.com
Carson Mueller DDS,oliver.kemmer@yahoo.com
Darron Hansen DDS,raoul.kemmer@gmail.com
Estell Marks,rusty.graham@hotmail.com
Andres Reilly,amalia.hammes@gmail.com
Mona Walker,heather.hane@gmail.com
Carol Bashirian,reese.ritchie@hotmail.com
Tyrel Zieme,monica.douglas@gmail.com
Kianna Mitchell,lorena.torphy@gmail.com
Dr. Aurelie Schulist,arvel.hills@yahoo.com
Mason Swift,juana.ruecker@hotmail.com
Hal Padberg,lindsay.konopelski@yahoo.com
Lora Herman,jaida.hahn@gmail.com
Joanne McCullough,lola.schaden@gmail.com
Claudie Lebsack V,celine.rogahn@yahoo.com
Sibyl Wiegand II,deshawn.nolan@hotmail.com
Daphney Emmerich,shaina.morissette@hotmail.com
Nona Lemke,gabriel.tremblay@hotmail.com
Layne McGlynn Jr.,wanda.stracke@hotmail.com
Jadon Kuvalis,abbie.yundt@hotmail.com
Tabitha Graham,kamryn.hahn@gmail.com
Mrs. Hermann Robel,laurie.blick@yahoo.com
Kareem Thiel,mittie.franecki@hotmail.com
Velda Dietrich,jordane.denesik@yahoo.com
Clark Ebert,gonzalo.deckow@gmail.com
Lionel Baumbach,garnet.schultz@gmail.com
Bettye Schaefer,nicholas.kuvalis@hotmail.com
Rosalyn Ratke,shyanne.jerde@hotmail.com
Pearlie Block V,desmond.fisher@yahoo.com
Hershel Towne,reina.jacobs@hotmail.com
Dell Carroll II,noemi.macgyver@hotmail.com
Mrs. Candice Greenfelder,gabriel.beer@hotmail.com
Chaim Klein,brennon.schiller@gmail.com
Katarina Jast,kelsi.romaguera@hotmail.com
Mrs. Aubree Herman,cydney.gottlieb@hotmail.com
Jessika Kessler,michael.mohr@yahoo.com
Blake Walter,wilburn.klein@hotmail.com
Haskell Sauer II,marquise.mante@gmail.com
Ms. Theodora Robel,dolores.little@yahoo.com
Lorenza Schamberger Sr.,isaac.schmitt@yahoo.com
Rebecca Predovic,garry.zulauf@hotmail.com
Gertrude Okuneva,krystal.muller@hotmail.com
Mason Frami,lucio.huels@yahoo.com
Esther Boyer,jed.prosacco@hotmail.com
Maria Fritsch,lisette.murazik@yahoo.com
Zachariah Lang,dennis.vonrueden@gmail.com
Deanna Harber,addie.oconner@gmail.com
Lily Tillman,tommie.torphy@hotmail.com
Theodora Hagenes,monty.wehner@yahoo.com
Seth Ondricka,reyna.rosenbaum@gmail.com
Catalina Murphy,garett.armstrong@gmail.com
Edna Bauch,wilson.runolfsdottir@hotmail.com
Greg Bartell,edwin.nicolas@yahoo.com
Nico Crona,zion.kling@hotmail.com
Houston Renner,tess.hills@yahoo.com
Brett Fadel,rodrick.mosciski@gmail.com
Kylee Anderson,queenie.bednar@gmail.com
Chandler Ortiz,elliot.grady@hotmail.com
Lillian Hintz,felton.reichert@hotmail.com
Nikki Hahn,joan.quigley@hotmail.com
Dr. Vern Hyatt,ella.smitham@hotmail.com
Miss Jarrod Spencer,jaleel.klocko@hotmail.com
Lizeth Bartell,wilfredo.rempel@gmail.com
Elenora Kuhn,delpha.barrows@hotmail.com
Pablo Runolfsdottir PhD,ryder.gottlieb@yahoo.com
Eric Kihn II,jeremie.lockman@hotmail.com
Arvel Beahan I,tavares.ondricka@gmail.com
Rowan Jakubowski,fredrick.bogisich@yahoo.com
Stacy Metz,isabella.bergstrom@yahoo.com
Mrs. Glenna Hammes,maribel.reilly@yahoo.com
Alec Bartoletti,ramon.krajcik@hotmail.com
Tobin Turcotte III,jaime.bergstrom@yahoo.com
Dr. Reina Jenkins,emmy.bartoletti@yahoo.com
Theodora Johns,alba.ziemann@gmail.com
Daphney Trantow,erling.mccullough@hotmail.com
Jerad Kessler,shaniya.shanahan@hotmail.com
Katelin Fahey,general.deckow@gmail.com
Gladyce Crona,duncan.jakubowski@gmail.com
Asha Auer,liza.stehr@hotmail.com
Mr. Evans Luettgen,glenda.predovic@hotmail.com
Mustafa Hand MD,edmond.marvin@yahoo.com
Alexane Goldner,brooklyn.carroll@hotmail.com
Hillary Hauck,germaine.beatty@hotmail.com
Mr. Devyn Hudson,ivory.klocko@yahoo.com
Electa Carroll DVM,wendy.klocko@yahoo.com
Emmy Mante DVM,nathan.williamson@yahoo.com
Gisselle Haag MD,dino.harris@yahoo.com
Lauriane Davis,dessie.nitzsche@hotmail.com
Houston Feil III,celia.boyle@hotmail.com
Zelda Auer V,mason.spinka@hotmail.com
Maybell Frami,angelica.collins@gmail.com
Ewald Heller,paris.watsica@hotmail.com
Wilburn Ziemann,judy.rempel@hotmail.com
Dennis Larson I,vesta.casper@yahoo.com
Orpha Stehr,roxanne.treutel@gmail.com
Dr. Liana Windler,mafalda.gerhold@yahoo.com
Blanca Emmerich,jalyn.deckow@yahoo.com
Nick Fahey,adolph.franecki@yahoo.com
Alva Fisher MD,micah.miller@gmail.com
Ford Wintheiser,fernando.murazik@hotmail.com
Shemar O'Hara,daniela.hudson@yahoo.com
Mrs. Korey Wilderman,patricia.leffler@hotmail.com
Lafayette Skiles DDS,camren.schulist@yahoo.com
Maddison Heaney,brock.swift@yahoo.com
Laron Hammes,conner.torp@gmail.com
Casimer Bode,mellie.brakus@yahoo.com
Virginie Hayes,chadrick.murphy@hotmail.com
Janie Klein,alisa.hessel@gmail.com
Rhett Hackett,murray.murphy@yahoo.com
Ms. Holly Huel,larissa.thompson@gmail.com
Claude Wiegand,alexander.wilkinson@hotmail.com
Colin Crist DDS,ned.ernser@gmail.com
Maxwell Gleason,ari.cartwright@gmail.com
Maryse Koss,hiram.kreiger@hotmail.com
Dr. Erwin Ernser,arden.ritchie@yahoo.com
Marvin Hintz PhD,gwendolyn.mraz@yahoo.com
Mrs. Raphael Glover,regan.volkman@hotmail.com
Ewell Jacobson,adolph.cremin@gmail.com
Freida Ondricka III,neil.gutmann@yahoo.com
Mrs. Mitchell Hammes,jermaine.quigley@hotmail.com
Fritz Roberts,ashton.prohaska@hotmail.com
Jaylen Nikolaus,kole.fisher@gmail.com
Renee Schultz,russell.davis@gmail.com
Marta Collier,fern.oberbrunner@yahoo.com
Lonny Cremin,verlie.zulauf@yahoo.com
Norval Berge,ally.prosacco@hotmail.com
Wanda Donnelly,charlotte.wintheiser@hotmail.com
Ricardo Ondricka,else.greenholt@yahoo.com
Jayson Okuneva,lew.hansen@hotmail.com
Susanna Considine V,linda.heidenreich@yahoo.com
Oleta Walker Jr.,felicity.pagac@gmail.com
Carter Kris,berenice.kunze@yahoo.com
Miss Lorine Gerlach,johanna.olson@gmail.com
Barton McGlynn,melvin.mueller@hotmail.com
Kathryne Osinski,kimberly.wolf@gmail.com
Benny Yost MD,vickie.smith@gmail.com
Sandy Kohler,ari.kertzmann@gmail.com
Elvie Sanford,mertie.rodriguez@yahoo.com
Diamond Macejkovic DDS,tatyana.mueller@hotmail.com
Josie Schamberger,emelia.waelchi@hotmail.com
Kaya Sanford,israel.mueller@gmail.com
Tania Weissnat,dusty.carter@gmail.com
Taylor Muller,johnathon.boehm@gmail.com
Mr. Myrtice Padberg,joy.hoppe@hotmail.com
Conner Schaden,cassandra.reinger@yahoo.com
Derek Roberts,margarita.deckow@yahoo.com
Khalid Abernathy IV,jett.donnelly@hotmail.com
Jazmyn Conroy DVM,roman.lockman@yahoo.com
Amina Kunze,bailey.toy@gmail.com
Gordon Cartwright,golda.erdman@yahoo.com
Sammie Moore,irving.ebert@yahoo.com
Mrs. Shyanne Hirthe,zola.toy@gmail.com
Tevin Cremin,katlyn.pagac@hotmail.com
Dr. Alanis Dietrich,hudson.morissette@gmail.com
Josh Hammes,rosalinda.bartoletti@hotmail.com
Carol Kessler,sienna.gleason@hotmail.com
Johanna O'Connell,lauren.volkman@yahoo.com
Salvatore Thompson,dan.heidenreich@gmail.com
Maurine Kulas,garrison.funk@hotmail.com
Porter Casper,carrie.schmitt@yahoo.com
Kendrick Ziemann,valentine.ohara@yahoo.com
Ignatius Thiel,orville.nicolas@hotmail.com
Leta Zieme,tatum.moen@yahoo.com
Mr. Elvis Hilpert,treva.dickens@yahoo.com
Ava Schmidt,cortney.harris@gmail.com
Pablo Heidenreich,frieda.christiansen@gmail.com
Wilfred Kirlin,christ.beahan@hotmail.com
Kennedy Klein,anissa.west@yahoo.com
Alessia Jacobi,tess.ullrich@gmail.com
Dr. Maiya Zemlak,gideon.tromp@gmail.com
Robert Veum,orval.schaefer@yahoo.com
Estell Hand,edgardo.quigley@hotmail.com
Zechariah Klocko,celestine.witting@yahoo.com
Aaron Hand,francesca.boehm@hotmail.com
Claudine Emard,estevan.keeling@gmail.com
Mrs. Elyse Collier,heber.blick@yahoo.com
Robin Sauer PhD,esteban.kassulke@gmail.com
Jermey Bosco,miller.muller@gmail.com
Mr. Isabel McCullough,raoul.hane@yahoo.com
Claude DuBuque,malika.friesen@gmail.com
Luigi Feil,lorna.ruecker@gmail.com
Candido Dicki,sydnee.ondricka@gmail.com
Dr. Fiona Kovacek,price.runolfsdottir@hotmail.com
Jammie Dickinson,mackenzie.walker@yahoo.com
Sammie Boyle,tatum.greenfelder@yahoo.com
Mrs. Florida Cummings,suzanne.towne@yahoo.com
Savanah Hermann,caleigh.reynolds@hotmail.com
Hayden Armstrong,bethany.herzog@gmail.com
Kara Bednar MD,marilyne.conn@gmail.com
Mrs. Cydney Schmidt,lea.wuckert@gmail.com
Arvilla Powlowski,verna.bergnaum@gmail.com
Amos O'Keefe,ali.jones@hotmail.com
Erwin Willms,cory.gleason@gmail.com
Archibald Volkman,kelsie.leuschke@hotmail.com
Lindsay Pacocha PhD,matt.lindgren@yahoo.com
Ivah Hettinger,bret.johns@hotmail.com
Ferne Wuckert,tyrell.kemmer@gmail.com
Elza Jones,caterina.luettgen@hotmail.com
Alvah Funk,pink.steuber@gmail.com
Tremayne Tromp,humberto.torphy@gmail.com
Graciela Stoltenberg,torrey.renner@gmail.com
Bonnie Goldner,abagail.oconnell@yahoo.com
Oral Hackett,sibyl.friesen@hotmail.com
Ms. Eldridge Johnson,carolanne.okuneva@yahoo.com
Mr. Jordon Schuppe,florine.bailey@gmail.com
Nathanael Crona,jacinto.bechtelar@hotmail.com
Desmond Ritchie,daniela.osinski@gmail.com
Mr. Marshall Kulas,christophe.daniel@gmail.com
Miss Enrique Reichel,selina.heller@gmail.com
Fernando Lehner,theodore.olson@yahoo.com
Francesco Hahn DVM,henry.wolff@hotmail.com
Kattie Batz,yessenia.oberbrunner@yahoo.com
Yasmeen Effertz,loren.schinner@hotmail.com
Miss Rose Koelpin,chelsea.carter@yahoo.com
Johnnie Rodriguez,kameron.bergnaum@yahoo.com
Wilfred Hettinger,pasquale.stokes@hotmail.com
Rebekah Senger,lacy.steuber@gmail.com
Brittany Kunde,jack.kuvalis@hotmail.com
Oda Marquardt,terence.farrell@hotmail.com
Jeromy O'Kon,davon.kuhic@gmail.com
Kendrick Johnston,monty.zieme@gmail.com
Zula Goldner,nelle.mitchell@hotmail.com
Kara Hermiston IV,carey.cartwright@hotmail.com
Mrs. Macie O'Reilly,antwon.heller@yahoo.com
Kaya Rempel,gus.parisian@yahoo.com
Darrick Muller,kody.block@gmail.com
Shea Wilkinson,jailyn.sanford@yahoo.com
Verdie Konopelski V,evan.yundt@yahoo.com
Ms. Bryana Hoeger,marlee.jacobi@hotmail.com
Jarred Cummerata,dayton.cartwright@yahoo.com
Theo Waelchi,claude.monahan@gmail.com
Miss Anastacio Harris,allene.abshire@gmail.com
Hershel Hagenes,harold.dickens@gmail.com
Garry Powlowski,elva.hane@hotmail.com
Tiara Gottlieb IV,naomie.powlowski@yahoo.com
Krista Moore,lucas.pfeffer@gmail.com
Bert Kuhlman,emmanuelle.dubuque@gmail.com
Mr. Sadye Jast,esta.kertzmann@gmail.com
Jacques Nitzsche,layne.swift@hotmail.com
Gerardo Lebsack,mia.volkman@gmail.com
Nora Jenkins,mozell.kunde@gmail.com
Earnestine Torp,natalia.armstrong@gmail.com
Tyree Bashirian,alvah.barton@yahoo.com
Russ Daniel,alexanne.hodkiewicz@hotmail.com
Cayla Heidenreich Jr.,griffin.goyette@yahoo.com
Edmond Muller,romaine.bauch@gmail.com
Carson Legros I,kendrick.schultz@yahoo.com
Miss Ellis Jacobson,catherine.little@yahoo.com
Mona Rau,elena.feest@gmail.com
Mrs. Junior Fritsch,lourdes.monahan@yahoo.com
Gerson Jacobson,delbert.jerde@gmail.com
Freeda Homenick,colton.jacobson@hotmail.com
Tanner Reynolds DVM,vivianne.parisian@yahoo.com
Granville Botsford MD,diana.wyman@yahoo.com
Luigi Hoppe,lois.mayert@yahoo.com
Brionna Bogan I,ethelyn.harber@hotmail.com
Emelia McGlynn,chelsie.aufderhar@hotmail.com
Rosemarie Hagenes,weldon.hintz@yahoo.com
Raegan Brekke,garland.miller@gmail.com
Chance Cassin,kaylah.thompson@gmail.com
Karson McGlynn,bryce.grant@gmail.com
Rachel Nitzsche,maida.swift@gmail.com
Claire Waelchi,thea.hettinger@hotmail.com
Rupert Heathcote,mohammed.gerhold@hotmail.com
Oscar Hand DDS,julien.watsica@gmail.com
Alda Haley IV,christopher.eichmann@hotmail.com
Casimer Kerluke,jailyn.marquardt@yahoo.com
Scottie Boyle Jr.,manuel.howell@yahoo.com
Edd Breitenberg,brionna.treutel@gmail.com
Syble Kuhn IV,jaycee.streich@yahoo.com
Seamus Lakin Sr.,oda.hirthe@hotmail.com
Bonita Koch,sherman.hodkiewicz@hotmail.com
Tristian Weber,stephany.roberts@gmail.com
Casandra Barton,wilma.okon@yahoo.com
Mr. Delilah Larson,fabian.yundt@hotmail.com
Ms. Twila Gibson,myah.padberg@hotmail.com
Mr. Zachariah Bergstrom,genesis.strosin@gmail.com
Oceane Schumm,arno.padberg@hotmail.com
Ryley Friesen,harvey.oconner@yahoo.com
Mrs. Kurt Romaguera,dasia.volkman@yahoo.com
Donna O'Hara,gardner.marquardt@yahoo.com
Willie Shanahan,gilberto.hansen@yahoo.com
Savion Morissette,elissa.sawayn@hotmail.com
Ms. Dejon Armstrong,ken.vonrueden@gmail.com
Ismael Nader,terrell.cole@gmail.com
Yasmine Medhurst,ronny.quitzon@hotmail.com
Ismael Graham,marlen.shanahan@gmail.com
Mr. Vito Denesik,wilhelm.jaskolski@gmail.com
Gunnar Wehner,flavie.berge@hotmail.com
Emma Gerhold II,henriette.heaney@yahoo.com
Esmeralda Kuvalis MD,jenifer.crona@gmail.com
Estella Rodriguez,hildegard.mills@hotmail.com
Dr. Lola Considine,remington.rolfson@yahoo.com
Dr. Hugh Sauer,benedict.stroman@gmail.com
Janick Veum MD,blaze.schulist@hotmail.com
Laura Romaguera II,margarete.kassulke@gmail.com
Brock VonRueden Jr.,liza.jast@hotmail.com
Jacynthe Wolff,orpha.christiansen@gmail.com
Lilliana Cartwright,london.jacobi@hotmail.com
Mrs. Percival Weissnat,kenny.kerluke@gmail.com
Camryn Gleichner,elliot.blick@yahoo.com
Mr. Annetta Windler,kiley.koepp@gmail.com
Dr. Ilene Casper,london.purdy@hotmail.com
Casimer Hartmann,katarina.lesch@gmail.com
Alexzander Wehner PhD,odie.prohaska@yahoo.com
Neha Kuphal,barrett.wuckert@yahoo.com
Abbie Corkery IV,bryce.donnelly@hotmail.com
Dr. Audra Konopelski,palma.becker@hotmail.com
Damaris Flatley,herminio.crooks@gmail.com
Mr. Ofelia Strosin,miles.heidenreich@gmail.com
Boyd Bartell,kitty.mohr@yahoo.com
Ephraim Mertz,victoria.jaskolski@gmail.com
Ramiro Price,kayla.christiansen@yahoo.com
Arlie Barrows Sr.,gwendolyn.volkman@hotmail.com
Bailee D'Amore,eugenia.carter@gmail.com
Yadira Borer,elyse.oberbrunner@hotmail.com
Kraig Jones V,alba.hayes@gmail.com
Kaley Homenick,nadia.schaefer@yahoo.com
Lou O'Keefe,aryanna.weimann@hotmail.com
Hassan Keebler,mariam.white@yahoo.com
Franz Armstrong,jamal.dooley@hotmail.com
Mr. Korey Jacobi,orie.kirlin@gmail.com
Ruben Dibbert,jensen.oconnell@hotmail.com
Jacinthe Zieme,caleigh.nikolaus@gmail.com
Robin Goyette,emerson.rath@gmail.com
Stefanie Becker,jamir.bernhard@yahoo.com
Stephan Skiles DDS,golden.koelpin@yahoo.com
Katharina Fritsch,nelda.nader@gmail.com
Moriah Jakubowski,davonte.haag@yahoo.com
Lynn Bradtke,eleanora.wiza@yahoo.com
Maryam Koch,arvid.tromp@gmail.com
Emmy Dach,dulce.schoen@gmail.com
Gennaro Heller,carole.casper@hotmail.com
Jayda Kunde I,tobin.lebsack@gmail.com
Mrs. Jacynthe O'Connell,irving.rowe@hotmail.com
Easton Zulauf,randall.kling@gmail.com
Miss Peggie Rolfson,dale.senger@yahoo.com
Angus McClure PhD,graciela.ritchie@hotmail.com
Mrs. Benjamin Stoltenberg,magnolia.berge@hotmail.com
Amaya Raynor,nelson.haag@hotmail.com
Clarabelle Swaniawski,serenity.herman@hotmail.com
Reed Lehner,eliza.maggio@gmail.com
Mrs. Zora Mosciski,edgardo.blanda@yahoo.com
Morris Lowe,raven.mckenzie@hotmail.com
Lula Rippin,meagan.eichmann@yahoo.com
Delia Hettinger,timothy.zieme@yahoo.com
Ms. Angelita Mohr,seth.ebert@hotmail.com
Mr. Madie Bailey,gillian.orn@yahoo.com
Dr. Maxwell Stark,adriana.bergstrom@hotmail.com
Maxime Kuvalis,chesley.gerlach@hotmail.com
Miss Dudley Howell,melba.schinner@gmail.com
Felipe Larkin,bernie.lowe@yahoo.com
Nedra Ankunding,lulu.macejkovic@yahoo.com
Elvera Bayer III,teresa.johns@yahoo.com
Sabryna Schmidt,alisha.kuphal@hotmail.com
Jackson Schneider,jada.gerlach@yahoo.com
Miss Kory Nienow,kayla.howe@yahoo.com
Marcelo Corkery Sr.,lizeth.abernathy@yahoo.com
Schuyler McKenzie,claudia.hand@hotmail.com
Genoveva Beier IV,ethan.gerhold@yahoo.com
Jared Beahan,jovani.daniel@hotmail.com
Ms. Jennifer Smith,britney.reichel@yahoo.com
Kelvin Ziemann I,kim.torp@yahoo.com
Jordan Tillman,isaac.bashirian@gmail.com
Mr. Cecile Bahringer,danyka.schowalter@hotmail.com
Noemi Schmitt,deion.cremin@hotmail.com
Marlin Turner,cameron.marks@gmail.com
Miss Lexus Lowe,chelsey.kling@gmail.com
Lacey Dibbert,mable.kutch@gmail.com
Dr. Muhammad Williamson,antwan.dietrich@hotmail.com
Ola Paucek,victoria.schroeder@hotmail.com
Dr. Christa Bauch,austyn.schimmel@gmail.com
Jace Lowe,alysson.johns@gmail.com
Eliza Emmerich,efrain.lebsack@hotmail.com
Paxton Jerde,walter.nader@gmail.com
Jonas Kihn,jordy.sipes@hotmail.com
Mr. Fae Kemmer,isabel.ruecker@yahoo.com
Ruby Douglas,ernest.nicolas@gmail.com
Bella Bode,zena.schowalter@hotmail.com
Jeanie Bechtelar,ezequiel.mckenzie@hotmail.com
Arvilla Medhurst,augustine.hills@gmail.com
Mr. Danielle Langworth,winnifred.kutch@yahoo.com
Jaylan Lindgren,stephen.beer@hotmail.com
Brittany Ledner,loy.stroman@hotmail.com
Mrs. Yazmin Quigley,neil.heller@hotmail.com
Katherine Bradtke,sammy.macejkovic@gmail.com
Ofelia Pouros,alvena.parker@hotmail.com
Holden Emard,max.mccullough@gmail.com
Cheyenne Jacobs,maude.dicki@hotmail.com
Freda Lynch,andreanne.beatty@yahoo.com
Ms. Darien Hintz,chase.schinner@gmail.com
Miss Pierce Trantow,jefferey.sporer@hotmail.com
Dr. Una Waters,maximillian.gorczany@hotmail.com
Adell Romaguera,brant.carter@hotmail.com
Gustave Ebert,ahmad.zulauf@gmail.com
Nash Maggio,dusty.hodkiewicz@hotmail.com
Floyd Daniel,claudia.ritchie@hotmail.com
Jarret McDermott,ervin.dickinson@gmail.com
Mrs. Sonya Veum,hunter.stokes@gmail.com
Austyn Parker,jeromy.rath@gmail.com
Pattie Nienow II,clarabelle.schoen@yahoo.com
Angus McKenzie,darius.huels@gmail.com
Osborne Gaylord,effie.schmitt@hotmail.com
Manuela Rice,sebastian.strosin@yahoo.com
Damien Farrell,camren.nolan@hotmail.com
Brendon Wilkinson II,carter.rogahn@hotmail.com
Leilani McLaughlin,burley.leffler@gmail.com
Leonardo Parker Sr.,leila.langworth@gmail.com
Eloise Kassulke,junius.halvorson@yahoo.com
Fredy Littel,melba.wisozk@gmail.com
Jovanny Volkman,ottilie.mraz@hotmail.com
Dr. Britney Lind,ambrose.nicolas@yahoo.com
Forrest Weissnat Sr.,kamren.gusikowski@gmail.com
Kareem Goyette,allie.bogan@hotmail.com
Tremayne White,joey.cruickshank@gmail.com
Antonetta Douglas,earnest.bednar@yahoo.com
Melany Kertzmann,german.bailey@hotmail.com
Kennedy Rice,lauryn.kihn@hotmail.com
Landen Rolfson,silas.cruickshank@yahoo.com
Miss Roxanne Tillman,kevin.fisher@gmail.com
Bridget Reynolds,mariana.rolfson@yahoo.com
Fay Swift,augustine.torp@hotmail.com
Ena Ondricka IV,torey.huel@hotmail.com
Dr. Ole Wisoky,agustina.kihn@yahoo.com
Demarcus Welch,rosalia.kulas@hotmail.com
Caroline Paucek,athena.gerhold@yahoo.com
Dr. Malinda Murphy,adalberto.reinger@hotmail.com
Albina Kassulke,amelie.sawayn@gmail.com
Eryn Schmidt,marquise.mante@gmail.com
Katelin Ziemann,amber.thiel@gmail.com
Jaquan Dooley,jevon.ankunding@hotmail.com
Enoch Cormier DVM,blair.prosacco@hotmail.com
Gwendolyn Bahringer,dewitt.gleichner@yahoo.com
Dominic Bergnaum PhD,nichole.larkin@yahoo.com
Ressie Koepp,thomas.hegmann@gmail.com
Miss Susanna Considine,brett.dibbert@hotmail.com
Adan Spinka,amy.fritsch@hotmail.com
Dandre Hansen,ruthe.sporer@hotmail.com
Tracy Dicki,lukas.heller@hotmail.com
Earnest Kling,josiane.macejkovic@yahoo.com
Dr. Shanelle Raynor,sarai.pfeffer@gmail.com
Cruz Ebert,asia.corwin@gmail.com
Dexter Barrows MD,jeramie.russel@gmail.com
Mr. Kennedy Blick,monica.zulauf@yahoo.com
Lysanne Zboncak,keira.koepp@hotmail.com
Nasir Kris,garrick.russel@gmail.com
Bradley Lueilwitz DDS,april.dickens@hotmail.com
Frederique Jenkins,stacey.stroman@yahoo.com
Stewart Haag PhD,callie.donnelly@hotmail.com
Ernestine Weber,rashad.robel@hotmail.com
Romaine Mitchell,tamia.howe@yahoo.com
Odie Carter,kian.douglas@yahoo.com
Mabel Yundt,garnett.wolff@hotmail.com
Rodger Little,kiara.davis@yahoo.com
Rowland Fahey,pinkie.hirthe@gmail.com
Dr. Chance Walker,buster.bartoletti@gmail.com
Dahlia Stark,josiah.schaden@gmail.com
Candido Johnson,mark.strosin@hotmail.com
Adah Gleichner,alex.crona@yahoo.com
Mr. Jonatan Gerhold,nia.hessel@yahoo.com
Xavier Davis,randall.anderson@gmail.com
Linnie Kub,daphney.von@hotmail.com
Providenci Bergnaum DVM,ramiro.stiedemann@yahoo.com
Joelle Nitzsche,alize.mclaughlin@gmail.com
Felicity Dickinson,christina.mraz@gmail.com
Virginie Brekke,earl.walker@yahoo.com
Kade Toy,hildegard.gusikowski@yahoo.com
Dillon Morissette,geo.abernathy@yahoo.com
Kellie Lynch Sr.,madelynn.legros@hotmail.com
Mrs. Alfredo Wilderman,susanna.larkin@hotmail.com
Mrs. Merlin Schowalter,nadia.muller@yahoo.com
Lucienne Crona,vivianne.schaefer@gmail.com
Braulio Waters,zoe.parker@gmail.com
Brandt Towne,howell.murazik@gmail.com
Angeline Kovacek,adolph.bahringer@yahoo.com
Noelia Langosh,ralph.howell@yahoo.com
Lukas Lynch II,dedrick.wolf@gmail.com
Una Johns,blake.purdy@gmail.com
Daphne Howell,brandi.harvey@hotmail.com
Sydnie Robel,barrett.lebsack@gmail.com
Maurine Mante,dulce.dooley@gmail.com
Josiah Gleichner,gilberto.dicki@hotmail.com
Amelie Haag,natalie.legros@yahoo.com
Marcella Pacocha,quinn.gusikowski@yahoo.com
Mr. Jermaine Schmitt,pinkie.lynch@hotmail.com
Mallie Murphy,mossie.crist@yahoo.com
Aylin Cummings,terrence.hammes@hotmail.com
Deron Kuhlman,eva.kuhlman@yahoo.com
Sophia Zemlak,gina.hermann@yahoo.com
Camille Wisoky,serenity.reynolds@gmail.com
Billy Fahey,rossie.jacobson@hotmail.com
Breanna Carter,douglas.yundt@yahoo.com
Marta Keeling,aubree.wuckert@gmail.com
Pat Rutherford,myah.windler@gmail.com
Rudolph Carter,lee.daniel@yahoo.com
Alexandrea Hilll,baylee.hane@hotmail.com
Ardith Goldner,moses.heaney@yahoo.com
Ms. Beatrice Wunsch,amalia.fisher@hotmail.com
Ms. Berniece Runolfsdottir,damion.funk@hotmail.com
Mekhi Schultz,rylee.heaney@hotmail.com
Ms. Hector Mayer,shemar.romaguera@hotmail.com
Paolo Kemmer,helen.nolan@yahoo.com
Amalia Kris,bret.stokes@yahoo.com
Duane Funk,jordyn.hermann@gmail.com
Abdullah Schulist,myra.cole@hotmail.com
Anais Hudson,treva.fritsch@hotmail.com
Mariah Lemke I,zander.nicolas@yahoo.com
Madelynn Rempel,ford.borer@yahoo.com
Kiera MacGyver,carlotta.sipes@gmail.com
Orval Erdman PhD,anderson.lemke@yahoo.com
Mr. Tyrique Tremblay,ernestina.windler@hotmail.com
Dr. Fletcher Predovic,major.langosh@yahoo.com
Mr. Sam Macejkovic,raymundo.pfeffer@hotmail.com
Ferne Schoen,garnet.wolf@yahoo.com
Quinten Huel,eli.ohara@yahoo.com
Georgette Ferry,name.bechtelar@yahoo.com
Bria Grady,naomie.luettgen@hotmail.com
Dr. Blair Rau,iliana.rogahn@yahoo.com
Grace Pacocha,mossie.klein@gmail.com
Durward Jenkins,waylon.okeefe@gmail.com
Keshawn Beatty,georgiana.gaylord@hotmail.com
Carmella Lueilwitz I,everardo.labadie@gmail.com
Jordan Grimes,terry.carroll@hotmail.com
Miss Betty Wolf,aryanna.kirlin@yahoo.com
Stevie Grimes,freida.dare@gmail.com
Gabriella Heidenreich,candida.tremblay@hotmail.com
Dr. Demond Runte,jared.douglas@hotmail.com
Arianna Kovacek,sebastian.jacobi@gmail.com
Jerald Rogahn,dillon.koss@yahoo.com
Alexis Runte,maci.ryan@hotmail.com
Bernita Bednar,bailey.durgan@gmail.com
Damien Ankunding,lavina.white@gmail.com
Hailie Harvey,kennith.kihn@yahoo.com
Nash Schoen,ashlee.stiedemann@gmail.com
Rosina Prosacco,donavon.blick@gmail.com
Dr. William Lind,helen.bernier@gmail.com
Hilma Wyman,erika.kuhn@hotmail.com
Miss Joshuah Cronin,hayden.stiedemann@gmail.com
Russel Krajcik Sr.,franz.hamill@yahoo.com
Alexys Green,daphne.okuneva@hotmail.com
Kaleb Bailey Jr.,emelie.jacobs@gmail.com
Ms. Mohammad Mayert,alvera.romaguera@hotmail.com
Cordelia Rowe,sheila.haag@yahoo.com
Jeffery Conroy,destin.konopelski@yahoo.com
Benedict Reichel,maurice.orn@yahoo.com
Silas Crooks,leila.stroman@yahoo.com
Emilie Heathcote,norbert.jast@hotmail.com
Miss Dean Cole,alisha.sawayn@yahoo.com
Mr. Myrtle Schroeder,ella.pacocha@yahoo.com
Bernadette Borer,solon.nienow@yahoo.com
Ms. Rickey Moen,cierra.becker@gmail.com
Melba Walsh,annabell.bernier@hotmail.com
Clifton Beer IV,lorenz.doyle@gmail.com
Damien Kuhn,selmer.keebler@gmail.com
Donato Wolf III,jay.hettinger@hotmail.com
Mavis Wilkinson,tiana.parisian@gmail.com
Mr. Marian Turner,hilda.yundt@gmail.com
Ova Willms,jerrod.mccullough@yahoo.com
Harmony Crona,justen.barrows@yahoo.com
Lance Hahn,jarrod.armstrong@yahoo.com
Keven Bailey DVM,keith.howell@hotmail.com
Rosa Funk,henry.hegmann@gmail.com
Kale Breitenberg,melyna.murazik@hotmail.com
Junius Lind,jayde.mertz@gmail.com
Linnie Kovacek,caesar.von@gmail.com
Efrain Kris,furman.runolfsson@hotmail.com
Frederik Johnston,lane.marvin@gmail.com
Lamar Christiansen,philip.kshlerin@yahoo.com
Rey Batz,grover.stiedemann@hotmail.com
Modesto Hermiston,aleen.romaguera@yahoo.com
Assunta Bogisich,taryn.hudson@gmail.com
Ms. Antone Harvey,eli.hoppe@hotmail.com
Karlie Treutel,shirley.hermiston@yahoo.com
Osbaldo Graham,eldred.wehner@yahoo.com
Viola Lueilwitz,coty.johnson@yahoo.com
Mr. Pietro Gutkowski,kane.champlin@yahoo.com
Miss Talon Kemmer,leora.spinka@gmail.com
Glenda Hudson,adolph.upton@gmail.com
